{"general_training_setting": {"numIters": 50, "numEps": 5, "tempThreshold": 15, "updateThreshold": 0.6, "maxlenOfQueue": 200000, "numMCTSSims": 10, "arenaCompare": 10, "cpuct": 1, "checkpoint": "./temp_cpu/", "load_model": false, "load_folder_file": ["/dev/models/8x100x50", "best.pth.tar"], "numItersForTrainExamplesHistory": 20, "verbose": false, "seed": 0, "device": "cpu"}, "nn_training_setting": {"lr": 0.001, "dropout": 0.3, "epochs": 10, "batch_size": 64, "cuda": false, "num_channels": 512}, "train_info": [{"batch_size": 64, "batch_count": [9, 9, 9, 9, 9, 9, 9, 9, 9, 9], "pi_losses": [1.3359606001112196, 1.3530794382095337, 1.3114500443140666, 1.2837262286080255, 1.2733941872914631, 1.3015137248569064, 1.2913584311803181, 1.2918324338065252, 1.2373615635765924, 1.2610004213121202], "v_losses": [1.092731648021274, 0.9302898711628385, 0.8558256559901767, 0.6962971819771661, 0.8113684720463223, 0.6319948931535085, 0.6427961786588033, 0.6420018540488349, 0.5067193773057725, 0.5193538235293494]}, {"batch_size": 64, "batch_count": [18, 18, 18, 18, 18, 18, 18, 18, 18, 18], "pi_losses": [1.3628750112321641, 1.271482229232788, 1.2794489132033453, 1.3020562529563904, 1.2846271726820204, 1.259994539949629, 1.268299851152632, 1.245709823237525, 1.2675510843594868, 1.2820996178521051], "v_losses": [1.0335527227984533, 0.9994971288575066, 0.961132158835729, 0.9122975236839719, 0.8733468453089396, 0.8614128861162398, 0.8286637531386482, 0.8616620235972934, 0.8225653800699446, 0.7781373725997077]}, {"batch_size": 64, "batch_count": [30, 30, 30, 30, 30, 30, 30, 30, 30, 30], "pi_losses": [1.285990297794342, 1.2971463561058045, 1.2744720498720805, 1.3019875486691792, 1.257087783018748, 1.2653871575991313, 1.2448226968447367, 1.2254714727401734, 1.2459788600603738, 1.2285243491331737], "v_losses": [0.9672797779242198, 0.8436905105908712, 0.7827272057533264, 0.8348390758037567, 0.71499183177948, 0.708617760737737, 0.687037193775177, 0.6550003538529078, 0.6047931591669718, 0.5922090123097102]}, {"batch_size": 64, "batch_count": [37, 37, 37, 37, 37, 37, 37, 37, 37, 37], "pi_losses": [1.2859313004725688, 1.2625782006495707, 1.210208483644434, 1.2465566267838348, 1.2284801489598043, 1.2198872469566964, 1.2038058461369694, 1.200542446729299, 1.191480195200121, 1.1801207130019729], "v_losses": [0.7467764454918939, 0.6382655525529707, 0.5820000904637415, 0.5912647408408087, 0.5099415924098041, 0.48706997487996073, 0.4856271929032094, 0.47609813390551387, 0.46889836562646403, 0.4283496097132966]}, {"batch_size": 64, "batch_count": [46, 46, 46, 46, 46, 46, 46, 46, 46, 46], "pi_losses": [1.2016348424165144, 1.1748854077380637, 1.1599680470383686, 1.1293344679086104, 1.162254141724628, 1.129728860181311, 1.1045108489368274, 1.0904335055662238, 1.1009225625058878, 1.0571657185969145], "v_losses": [0.5798092853763829, 0.4844141803357912, 0.4514987403931825, 0.4275064115291056, 0.4007752680260202, 0.38003088566272153, 0.39764249551555386, 0.40031286361424817, 0.37465573037448135, 0.35995942321808444]}, {"batch_size": 64, "batch_count": [54, 54, 54, 54, 54, 54, 54, 54, 54, 54], "pi_losses": [1.0894393059942458, 1.053487565782335, 1.0495686222005773, 1.0168787859104298, 1.0307440128591325, 1.0152506817270208, 0.9939099815156724, 1.0000879146434642, 0.9800645653848294, 0.9790493724522767], "v_losses": [0.47680230493898745, 0.3922364557230914, 0.3799080346469526, 0.384636196549292, 0.37393371402113523, 0.35947313877167525, 0.3439334934508359, 0.3381261960775764, 0.337133787020489, 0.34107833604017895]}, {"batch_size": 64, "batch_count": [62, 62, 62, 62, 62, 62, 62, 62, 62, 62], "pi_losses": [1.1083513661738364, 1.0569249016623343, 1.0502107700993937, 1.020212366696327, 1.020103422864791, 1.0248403193489197, 0.9989465994219626, 0.9650065043280202, 0.9710013914492822, 0.9339227128413415], "v_losses": [0.5980655935502821, 0.5134813617314061, 0.47020430045743145, 0.4793428966114598, 0.4452332484145318, 0.4353350588390904, 0.4359797443593702, 0.41631120972095, 0.3927308799278352, 0.3636081894078562]}, {"batch_size": 64, "batch_count": [71, 71, 71, 71, 71, 71, 71, 71, 71, 71], "pi_losses": [1.0055236069249436, 0.9561472585503484, 0.9418048531236783, 0.9088903002335992, 0.9099431827034749, 0.8650560740014197, 0.8663275846293275, 0.8481220938790013, 0.83161817889818, 0.8084993312056635], "v_losses": [0.542381357139265, 0.4631052401284097, 0.4617978749980389, 0.4066616258990597, 0.4304694718038532, 0.3171937329248643, 0.3272424961479617, 0.3405501596944433, 0.3117045388675072, 0.31086040319691244]}, {"batch_size": 64, "batch_count": [81, 81, 81, 81, 81, 81, 81, 81, 81, 81], "pi_losses": [0.8724618958838192, 0.8276308730796531, 0.8196103889265178, 0.7830096851160497, 0.7643915289714013, 0.7464453541202309, 0.7446508356082586, 0.7474644787517595, 0.7016601120984113, 0.702167421211431], "v_losses": [0.408090247048272, 0.3557036073855412, 0.31736852826527606, 0.3045596484048867, 0.2945528893191137, 0.2660426148845826, 0.2532479704162221, 0.269343464002933, 0.26562440680500904, 0.22868035558933092]}, {"batch_size": 64, "batch_count": [88, 88, 88, 88, 88, 88, 88, 88, 88, 88], "pi_losses": [0.7614156326109712, 0.7316310249946334, 0.7242890704761852, 0.6798457184975798, 0.6864715936509046, 0.6963207105343993, 0.636095427992669, 0.6336700293150815, 0.6116984046318314, 0.6074535816230557], "v_losses": [0.4011300922456113, 0.3227872219444676, 0.28684418538415973, 0.27950951033695176, 0.27480937100269576, 0.2747086084193804, 0.2695433905517513, 0.251325168392875, 0.22564038731665773, 0.20220296122980388]}, {"batch_size": 64, "batch_count": [96, 96, 96, 96, 96, 96, 96, 96, 96, 96], "pi_losses": [0.688394110960265, 0.6373891737312078, 0.6328260373945037, 0.609565586472551, 0.5756201256687442, 0.5982468407601118, 0.5599986789748073, 0.5564760581279794, 0.5411848888422052, 0.5306231506789724], "v_losses": [0.32188390435961384, 0.26559974912864465, 0.25236401439178735, 0.27317716235605377, 0.22273449731680253, 0.2097044379916042, 0.21151011588517576, 0.21699961399038634, 0.21030853770207614, 0.17525669008803865]}, {"batch_size": 64, "batch_count": [104, 104, 104, 104, 104, 104, 104, 104, 104, 104], "pi_losses": [0.7400476614443156, 0.6713016216571515, 0.6479032082626452, 0.6288855651823374, 0.6274063727603509, 0.6220454960488356, 0.5802401057802714, 0.5605760540526646, 0.5491031729258024, 0.5578110659351716], "v_losses": [0.3908532749718198, 0.3275753064081073, 0.29861442794880044, 0.2671613838666907, 0.2717639313151057, 0.2566789329911654, 0.24257519346876785, 0.22978581215899724, 0.21571849250736144, 0.2025898266583681]}, {"batch_size": 64, "batch_count": [113, 113, 113, 113, 113, 113, 113, 113, 113, 113], "pi_losses": [0.6013094888324231, 0.5759068598261977, 0.5362559227289352, 0.5465860751877843, 0.5222324003688003, 0.5200321015003508, 0.49094055421584476, 0.49368953704833984, 0.4791058858411502, 0.4653665539437691], "v_losses": [0.30268771076096895, 0.26609583831993877, 0.24493025843284827, 0.23540551848379912, 0.22533857492746506, 0.18595316442372525, 0.20975318488425912, 0.1963502143105838, 0.17693300054004762, 0.18099525729111865]}, {"batch_size": 64, "batch_count": [122, 122, 122, 122, 122, 122, 122, 122, 122, 122], "pi_losses": [0.6771509300489895, 0.6120531019128737, 0.585522285494648, 0.5610777794337664, 0.5390700942180195, 0.5424840467386558, 0.508400881876711, 0.5119147994479195, 0.48557625173545277, 0.4870523101970798], "v_losses": [0.39067956341094656, 0.3279128942455425, 0.2813648729295027, 0.28226141466713345, 0.2408563470254179, 0.23531007952988148, 0.2424585758174052, 0.22054810724297508, 0.21572247623908716, 0.1855698882861704]}, {"batch_size": 64, "batch_count": [131, 131, 131, 131, 131, 131, 131, 131, 131, 131], "pi_losses": [0.7236939677755341, 0.6629838975331256, 0.6125153658044247, 0.5937370064149377, 0.5635562689249752, 0.557110189481546, 0.5612477143757216, 0.5268005564922594, 0.5187171524717608, 0.5050973939986629],